INSERT INTO public.employee (id, email, name, password, role, surname) VALUES ('a5a5171e-d72c-4e90-b725-78ab401cb7f6', 'bertus.bick@novi-garage.nl', 'Bertus', '$2a$10$Cr7eLqfgGpbzNDGEykTviOmef6YpTv41lbgd5t0H0P4wEHp0v7qjO', 'admin', 'Bick');
INSERT INTO public.employee (id, email, name, password, role, surname) VALUES ('8628f17d-39ac-4e93-947b-0a0022134836', 'joep.kamphuis@novi-garage.nl', 'Joep', '$2a$10$9qGEkcN39beJ9./.c7AaxeOZavCJcTNdfWdnCTGzdxBX6sNMVBFB.', 'administrative', 'Kamphuis');
INSERT INTO public.employee (id, email, name, password, role, surname) VALUES ('41842996-06ee-4c3c-990f-376a47c2342e', 'arend.de.porter@novi-garage.nl', 'Arend', '$2a$10$iKmnV3tt7HF0k/o94xUXkeeTRlKbdAp5qxwmSaZIu/pdMUnrRMysy', 'backoffice', 'de Porter');
INSERT INTO public.employee (id, email, name, password, role, surname) VALUES ('54f85ee3-48e0-469f-8fa2-5ae5f2055b6f', 'anton.van.neste@novi-garage.nl', 'Anton', '$2a$10$dSnVKx1Dma7jvbILX9WvUuua0X3uhrFPFDMlpTJ/VVeIeqCYRLBDW', 'mechanic', 'van Neste');
INSERT INTO public.employee (id, email, name, password, role, surname) VALUES ('85c1ec3f-cd5c-4648-b97a-cc8e078d6ef3', 'natalie.westhoven@novi-garage.nl', 'Natalie', '$2a$10$Z4/JFUSQmE/S09KQ6kz05uSZa4jWj5j8ByJnf6KDFMfdwi6rm7iTy', 'cashier', 'Westhoven');

INSERT INTO public.customer (id, created_at, email, name, phone, surname) VALUES ('54834c62-2ca2-46de-844d-ff4147513845', '2021-02-20 23:31:07.000000', 'hamza.kuiper@klant.novi-garage.nl', 'Hamza', '+31 6 12345678', 'Kuiper');
INSERT INTO public.customer (id, created_at, email, name, phone, surname) VALUES ('07860e82-a422-4d97-a7fb-270e3cf0cd2c', '2021-10-05 19:25:04.000000', 'luca.van.beek@klant.novi-garage.nl', 'Luca', '+31 6 23456789', 'van Beek');
INSERT INTO public.customer (id, created_at, email, name, phone, surname) VALUES ('f1c1ed01-6a3d-41f8-8054-ecdaf23dbecf', '2021-02-10 05:46:28.000000', 'yasmine.blom@klant.novi-garage.nl', 'Yasmine', '+31 6 34567812', 'Blom');
INSERT INTO public.customer (id, created_at, email, name, phone, surname) VALUES ('f44291a0-8af7-47bf-8635-ae374477477b', '2021-08-23 14:29:10.000000', 'bradley.bosman@klant.novi-garage.nl', 'Bradley', '+31 6 45678123', 'Bosman');
INSERT INTO public.customer (id, created_at, email, name, phone, surname) VALUES ('88397880-e35c-40aa-ab11-99fabab46c8f', '2021-06-21 03:48:00.000000', 'roos.bos@klant.novi-garage.nl', 'Roos', '+31 6 56781234', 'Bos');

INSERT INTO public.vehicle (vin, brand, created_at, license, make, year, customer_id) VALUES ('6MPCT0364N8630450', 'Fiat', '2022-02-01 22:36:46.000000', 'HX-415-K', 'Panda', 2015, '54834c62-2ca2-46de-844d-ff4147513845');
INSERT INTO public.vehicle (vin, brand, created_at, license, make, year, customer_id) VALUES ('SAJWA2GZ0F8V79011', 'Renault', '2022-01-23 07:14:02.000000', 'PP-231-N', 'Clio', 2017, '88397880-e35c-40aa-ab11-99fabab46c8f');
INSERT INTO public.vehicle (vin, brand, created_at, license, make, year, customer_id) VALUES ('W04GN5EC4B1141385', 'Suzuki', '2022-01-07 11:45:55.000000', '78-XV-T8', 'Swift', 2005, 'f1c1ed01-6a3d-41f8-8054-ecdaf23dbecf');
INSERT INTO public.vehicle (vin, brand, created_at, license, make, year, customer_id) VALUES ('5J6RE4H42BL073812', 'Opel', '2022-02-01 22:36:54.000000', '73-DT-BP', 'Corsa B', 1999, '07860e82-a422-4d97-a7fb-270e3cf0cd2c');
INSERT INTO public.vehicle (vin, brand, created_at, license, make, year, customer_id) VALUES ('19UUA56623A057856', 'Volvo', '2022-01-27 10:23:59.000000', 'PG-838-V', 'V70', 2004, 'f44291a0-8af7-47bf-8635-ae374477477b');

INSERT INTO public.part (id, name, price, stock) VALUES ('a2cfde74-6402-46bf-87ae-560beacf7a85', 'Accu', 54.94, 2);
INSERT INTO public.part (id, name, price, stock) VALUES ('f71f2846-4e53-45ac-b8c0-6edb93728698', 'Remblokken', 34.04, 10);
INSERT INTO public.part (id, name, price, stock) VALUES ('56c001d1-c169-4f88-9816-693b4927472b', 'Remschijven', 30.63, 7);
INSERT INTO public.part (id, name, price, stock) VALUES ('410bad26-36d1-4b57-a4ee-c4fe25c631d8', 'Koppelingset', 457.72, 3);
INSERT INTO public.part (id, name, price, stock) VALUES ('81db826e-6093-4eee-bf68-3b3e58ea66de', 'Uitlaat', 79.99, 6);
INSERT INTO public.part (id, name, price, stock) VALUES ('441aaa5d-5814-49d9-bb2f-f57c90742c31', 'Distributieset', 223.24, 3);
INSERT INTO public.part (id, name, price, stock) VALUES ('07b28f64-3492-4781-8adf-59ec65022fec', 'Ruitenwisser', 20.13, 28);
INSERT INTO public.part (id, name, price, stock) VALUES ('509336be-31a8-4666-806f-233e3fcefc56', 'Brandstoffilter', 29.95, 12);

INSERT INTO public.action (id, name, price) VALUES ('ad378b4d-6f2b-4d3a-a4e2-a81b33bbfa03', 'Accu vervangen', 149.99);
INSERT INTO public.action (id, name, price) VALUES ('cd546e22-1264-4a1f-b838-2f529632d6f4', 'Remblokken vervangen', 69.99);
INSERT INTO public.action (id, name, price) VALUES ('869f7f98-11b7-480c-adb1-4fbadee49edc', 'Remschijven vervangen', 65.99);
INSERT INTO public.action (id, name, price) VALUES ('1f48d182-35e2-497e-8725-a9c7f7e9f7c9', 'Koppelingset vervangen', 199.95);
INSERT INTO public.action (id, name, price) VALUES ('dcfca82f-c4b2-4b5d-ba42-7ac1729ef4df', 'Uitlaat vervangen', 49.99);
INSERT INTO public.action (id, name, price) VALUES ('f5ea0c8d-a0b7-487f-9707-d1f7678a3edd', 'Distributieset vervangen', 129.99);
INSERT INTO public.action (id, name, price) VALUES ('891051e7-3729-43b9-9ae1-267256da277d', 'Ruitenwisser vervangen', 9.99);
INSERT INTO public.action (id, name, price) VALUES ('c3b7a11d-ca35-465d-9035-6da9457ec2d3', 'Brandstoffilter vervangen', 29.99);
INSERT INTO public.action (id, name, price) VALUES ('f0e4295b-09ed-42f8-b50c-626ae8438924', 'Voertuig keuren', 45.00);

insert into public.shortcoming (id, created_at, description, vehicle_id) values ('956dd3d9-1cc3-4a29-a795-1869c91160a8', '2021-04-14 15:57:08', 'Accu kapot', '6MPCT0364N8630450');
insert into public.shortcoming (id, created_at, description, vehicle_id) values ('6efd7182-6a42-42fd-b341-ee71ea9339bf', '2021-09-24 20:54:47', 'Remblokken kapot', '6MPCT0364N8630450');
insert into public.shortcoming (id, created_at, description, vehicle_id) values ('f12163d8-d3dc-4d58-8960-2c3100545f6a', '2021-07-11 15:24:32', 'Remschijven kapot', 'SAJWA2GZ0F8V79011');
insert into public.shortcoming (id, created_at, description, vehicle_id) values ('34d3d02f-b369-484a-b557-b2d64fcf9959', '2022-01-02 22:07:16', 'Koppelingset kapot', 'SAJWA2GZ0F8V79011');
insert into public.shortcoming (id, created_at, description, vehicle_id) values ('b929d3b2-b6e6-4930-96f8-167f32338cc1', '2021-06-03 03:25:05', 'Uitlaat kapot', 'W04GN5EC4B1141385');
insert into public.shortcoming (id, created_at, description, vehicle_id) values ('5903233d-3f54-4817-b472-7b981a5ef4f3', '2022-01-25 03:01:58', 'Distributieset kapot', 'W04GN5EC4B1141385');
insert into public.shortcoming (id, created_at, description, vehicle_id) values ('9efce40e-0187-44a3-8add-f0405ce3964f', '2021-01-08 11:01:04', 'Ruitenwisser kapot', '5J6RE4H42BL073812');
insert into public.shortcoming (id, created_at, description, vehicle_id) values ('7ec0d696-a1b1-4db3-bb00-d3b0b66a26ff', '2021-09-30 11:57:03', 'Koppelingset kapot', '5J6RE4H42BL073812');
insert into public.shortcoming (id, created_at, description, vehicle_id) values ('57a3189f-85a5-4ffe-b3d3-aa8443480ab2', '2021-02-12 22:35:39', 'Accu kapot', '19UUA56623A057856');
insert into public.shortcoming (id, created_at, description, vehicle_id) values ('3f7fb384-0f66-4dc4-84f2-ec44f3b620a8', '2021-09-04 19:38:13', 'Uitlaat kapot', '19UUA56623A057856');

INSERT INTO public.repair (id, created_at, remarks, status, vehicle_id) VALUES ('7051193d-aa59-4aa5-92d6-ef06600e6ae1', '2022-01-26 01:23:53.000000', '', 0, '6MPCT0364N8630450');
INSERT INTO public.repair (id, created_at, remarks, status, vehicle_id) VALUES ('0ec4abcc-f4df-4ef6-ae45-a71ecd05a316', '2021-07-22 23:48:03.000000', 'Klant gaat niet akkoord met de reparatie', 1, 'SAJWA2GZ0F8V79011');
INSERT INTO public.repair (id, created_at, remarks, status, vehicle_id) VALUES ('ca88cd18-ad51-44c8-8f55-af6606f54e2a', '2021-10-11 02:53:02.000000', 'Moet nog een afspraak plannen', 2, 'W04GN5EC4B1141385');
INSERT INTO public.repair (id, created_at, remarks, status, vehicle_id) VALUES ('f41a29b2-d8e0-4de1-9e5a-4afe558ed83f', '2021-05-03 08:39:33.000000', 'Problemen opgelost', 3, '5J6RE4H42BL073812');
INSERT INTO public.repair (id, created_at, remarks, status, vehicle_id) VALUES ('686b8115-7ffe-4c9e-a0c8-5501b9f103f7', '2021-10-17 15:19:54.000000', '', 0, '19UUA56623A057856');

INSERT INTO public.repair_line (id, amount, name, price, type, repair_id) VALUES ('18622cc7-70a2-4171-8e66-e82643820f6b', 3, 'Ruitenwisser', 20.13, 0, '0ec4abcc-f4df-4ef6-ae45-a71ecd05a316');
INSERT INTO public.repair_line (id, amount, name, price, type, repair_id) VALUES ('bc5128c2-de89-43db-b10c-bf5d43f56fc1', 1, 'Uitlaat', 34.04, 0, '686b8115-7ffe-4c9e-a0c8-5501b9f103f7');
INSERT INTO public.repair_line (id, amount, name, price, type, repair_id) VALUES ('ae95d2b1-eb2a-44a5-806d-3ad8dc5382a1', 3, 'Koppelingset', 54.94, 0, 'f41a29b2-d8e0-4de1-9e5a-4afe558ed83f');
INSERT INTO public.repair_line (id, amount, name, price, type, repair_id) VALUES ('558e466e-eb0a-4a45-8157-74694f38f534', 3, 'Accu', 223.24, 0, '686b8115-7ffe-4c9e-a0c8-5501b9f103f7');
INSERT INTO public.repair_line (id, amount, name, price, type, repair_id) VALUES ('f5161f7a-427e-46e5-8a60-4825c88584bc', 1, 'Remschijven', 20.13, 0, '0ec4abcc-f4df-4ef6-ae45-a71ecd05a316');
INSERT INTO public.repair_line (id, amount, name, price, type, repair_id) VALUES ('b3f1eb3b-8091-4257-9513-c2938a762b68', 1, 'Remschijven', 223.24, 0, '7051193d-aa59-4aa5-92d6-ef06600e6ae1');
INSERT INTO public.repair_line (id, amount, name, price, type, repair_id) VALUES ('44becc64-17a7-4c5b-9bd0-67378d7ef04c', 2, 'Accu', 223.24, 0, '0ec4abcc-f4df-4ef6-ae45-a71ecd05a316');
INSERT INTO public.repair_line (id, amount, name, price, type, repair_id) VALUES ('379a7853-bd5c-4c9d-a091-197044020221', 1, 'Remblokken', 29.95, 0, 'f41a29b2-d8e0-4de1-9e5a-4afe558ed83f');
INSERT INTO public.repair_line (id, amount, name, price, type, repair_id) VALUES ('a987383c-0967-4b63-a368-4ed00b170bac', 3, 'Brandstoffilter', 29.95, 0, 'ca88cd18-ad51-44c8-8f55-af6606f54e2a');
INSERT INTO public.repair_line (id, amount, name, price, type, repair_id) VALUES ('f674896c-221e-4513-a1ac-5f6671999b1f', 2, 'Koppelingset', 30.63, 0, '7051193d-aa59-4aa5-92d6-ef06600e6ae1');
INSERT INTO public.repair_line (id, amount, name, price, type, repair_id) VALUES ('70f06833-5831-4278-8591-40e37c21b8ba', 1, 'Distributieset', 20.13, 0, 'ca88cd18-ad51-44c8-8f55-af6606f54e2a');
INSERT INTO public.repair_line (id, amount, name, price, type, repair_id) VALUES ('b71bffc2-8ae8-4ed3-a8a2-e1790d759319', 3, 'Uitlaat', 20.13, 0, '7051193d-aa59-4aa5-92d6-ef06600e6ae1');
INSERT INTO public.repair_line (id, amount, name, price, type, repair_id) VALUES ('ac932c2c-4b14-40d7-975b-1bff684b00d3', 1, 'Distributieset', 79.99, 0, 'f41a29b2-d8e0-4de1-9e5a-4afe558ed83f');
INSERT INTO public.repair_line (id, amount, name, price, type, repair_id) VALUES ('ceb26362-598b-4d47-b70d-b8a4208c0b4d', 2, 'Uitlaat', 54.94, 0, 'ca88cd18-ad51-44c8-8f55-af6606f54e2a');
INSERT INTO public.repair_line (id, amount, name, price, type, repair_id) VALUES ('74d79b8b-61f7-444a-963b-914ac60d2804', 3, 'Brandstoffilter', 457.72, 0, '686b8115-7ffe-4c9e-a0c8-5501b9f103f7');
INSERT INTO public.repair_line (id, amount, name, price, type, repair_id) VALUES ('66e269e6-44d1-4934-abed-53c54e5f695a', 1, 'Distributieset vervangen', 129.99, 1, 'f41a29b2-d8e0-4de1-9e5a-4afe558ed83f');
INSERT INTO public.repair_line (id, amount, name, price, type, repair_id) VALUES ('e6b73eef-ec36-450c-adb5-c1f8e170e549', 1, 'Uitlaat vervangen', 49.99, 1, '7051193d-aa59-4aa5-92d6-ef06600e6ae1');
INSERT INTO public.repair_line (id, amount, name, price, type, repair_id) VALUES ('f98a3146-daf6-496e-9574-95f7821f1dc0', 1, 'Uitlaat vervangen', 49.99, 1, 'ca88cd18-ad51-44c8-8f55-af6606f54e2a');
INSERT INTO public.repair_line (id, amount, name, price, type, repair_id) VALUES ('25a0e535-95a2-4e24-8ce5-dc748f391a76', 1, 'Ruitenwisser vervangen', 9.99, 1, '0ec4abcc-f4df-4ef6-ae45-a71ecd05a316');
INSERT INTO public.repair_line (id, amount, name, price, type, repair_id) VALUES ('cff344a5-919a-46d5-b6dc-8e314666741b', 1, 'Koppelingset vervangen', 199.95, 1, '7051193d-aa59-4aa5-92d6-ef06600e6ae1');
INSERT INTO public.repair_line (id, amount, name, price, type, repair_id) VALUES ('5f62ae4d-8ee8-4340-b8f5-182b604f0316', 1, 'Remschijven vervangen', 65.99, 1, '0ec4abcc-f4df-4ef6-ae45-a71ecd05a316');
INSERT INTO public.repair_line (id, amount, name, price, type, repair_id) VALUES ('e8a38d51-9cfd-4fae-b297-12e3b36385f3', 1, 'Distributieset vervangen', 129.99, 1, 'ca88cd18-ad51-44c8-8f55-af6606f54e2a');
INSERT INTO public.repair_line (id, amount, name, price, type, repair_id) VALUES ('52114828-47b7-49a0-8310-019c7179e69c', 1, 'Remschijven vervangen', 65.99, 1, '7051193d-aa59-4aa5-92d6-ef06600e6ae1');
INSERT INTO public.repair_line (id, amount, name, price, type, repair_id) VALUES ('44b9bae6-b00b-4044-87a4-d219d6358e40', 1, 'Keuring voertuig', 45, 1, 'f41a29b2-d8e0-4de1-9e5a-4afe558ed83f');
INSERT INTO public.repair_line (id, amount, name, price, type, repair_id) VALUES ('aa11915b-4e1d-409c-b306-4bf2082f4f80', 1, 'Accu vervangen', 149.9, 1, '686b8115-7ffe-4c9e-a0c8-5501b9f103f7');
INSERT INTO public.repair_line (id, amount, name, price, type, repair_id) VALUES ('3092bb73-c1de-4e32-ae78-2d8423ecf3d1', 1, 'Accu vervangen', 149.99, 1, '0ec4abcc-f4df-4ef6-ae45-a71ecd05a316');
INSERT INTO public.repair_line (id, amount, name, price, type, repair_id) VALUES ('66c412de-03db-43de-aabc-8d4b580358f5', 1, 'Koppelingset vervangen', 199.95, 1, 'f41a29b2-d8e0-4de1-9e5a-4afe558ed83f');
INSERT INTO public.repair_line (id, amount, name, price, type, repair_id) VALUES ('69260374-4b3f-4147-b9dc-59285685f4c8', 1, 'Keuring voertuig', 45, 1, '7051193d-aa59-4aa5-92d6-ef06600e6ae1');
INSERT INTO public.repair_line (id, amount, name, price, type, repair_id) VALUES ('f4c8ecd9-4187-44f4-b769-a71de5ba5d28', 1, 'Keuring voertuig', 45, 1, '0ec4abcc-f4df-4ef6-ae45-a71ecd05a316');
INSERT INTO public.repair_line (id, amount, name, price, type, repair_id) VALUES ('4bf5a6b3-f214-4b0d-ab32-15d1f5d65836', 1, 'Brandstoffilter vervangen', 29.99, 1, '686b8115-7ffe-4c9e-a0c8-5501b9f103f7');
INSERT INTO public.repair_line (id, amount, name, price, type, repair_id) VALUES ('8287da31-9371-481d-8a82-36aedd9b5d06', 1, 'Remblokken vervangen', 69.99, 1, 'f41a29b2-d8e0-4de1-9e5a-4afe558ed83f');
INSERT INTO public.repair_line (id, amount, name, price, type, repair_id) VALUES ('4779081e-8019-4c84-af91-f02b6bdd7bc1', 1, 'Keuring voertuig', 45, 1, '686b8115-7ffe-4c9e-a0c8-5501b9f103f7');
INSERT INTO public.repair_line (id, amount, name, price, type, repair_id) VALUES ('bdfb8b5b-9900-40f1-b81a-79086a492b5e', 1, 'Keuring voertuig', 45, 1, 'ca88cd18-ad51-44c8-8f55-af6606f54e2a');
INSERT INTO public.repair_line (id, amount, name, price, type, repair_id) VALUES ('8ecd72f1-b16c-4f68-ac48-4ed795b7ec18', 1, 'Uitlaat vervangen', 49.99, 1, '686b8115-7ffe-4c9e-a0c8-5501b9f103f7');
INSERT INTO public.repair_line (id, amount, name, price, type, repair_id) VALUES ('da8daa5d-e3a6-498f-b403-0cf40c0da114', 1, 'Brandstoffilter vervangen', 29.99, 1, 'ca88cd18-ad51-44c8-8f55-af6606f54e2a');